-- phpMyAdmin SQL Dump
-- version 4.9.0.1
-- https://www.phpmyadmin.net/
--
-- Хост: 10.0.0.57
-- Время создания: Ноя 19 2021 г., 07:20
-- Версия сервера: 5.7.35-38
-- Версия PHP: 7.2.34

SET SQL_MODE = "NO_AUTO_VALUE_ON_ZERO";
SET AUTOCOMMIT = 0;
START TRANSACTION;
SET time_zone = "+00:00";


/*!40101 SET @OLD_CHARACTER_SET_CLIENT=@@CHARACTER_SET_CLIENT */;
/*!40101 SET @OLD_CHARACTER_SET_RESULTS=@@CHARACTER_SET_RESULTS */;
/*!40101 SET @OLD_COLLATION_CONNECTION=@@COLLATION_CONNECTION */;
/*!40101 SET NAMES utf8mb4 */;

--
-- База данных: `f0497377_nari`
--

-- --------------------------------------------------------

--
-- Структура таблицы `egoist_cats`
--

CREATE TABLE `egoist_cats` (
  `id` int(11) NOT NULL,
  `name` varchar(255) NOT NULL,
  `img` varchar(255) NOT NULL,
  `descr` text
) ENGINE=InnoDB DEFAULT CHARSET=utf8 COMMENT='сайт егоист таблица для категорий';

--
-- Дамп данных таблицы `egoist_cats`
--

INSERT INTO `egoist_cats` (`id`, `name`, `img`, `descr`) VALUES
(1, 'Кофе', '/imgs/cat_1.jpg', 'Coffee'),
(2, 'Чай', '/imgs/tea.jpg', NULL),
(3, 'Какао / шоколад', '/imgs/kakao.jpg', NULL),
(4, 'Сиропы / топпинги', '/imgs/sirop.jpg', NULL),
(5, 'Соусы / Маринады', '/imgs/sous.jpg', NULL),
(6, 'Кондитерские изделия', '/imgs/conditer.jpg', NULL),
(7, 'Молочные продукты', '/imgs/milka.jpg', NULL),
(8, 'Бакалея', '/imgs/bakalea.jpg', NULL),
(9, 'Напитки', '/imgs/drinks.jpg', NULL),
(10, 'Правильное питание', '/imgs/true.jpg', NULL);

-- --------------------------------------------------------

--
-- Структура таблицы `egoist_ocenyli_users`
--

CREATE TABLE `egoist_ocenyli_users` (
  `id` int(11) NOT NULL,
  `id_tovar` int(11) NOT NULL,
  `id_user` int(11) NOT NULL,
  `user_ocenka` int(11) NOT NULL
) ENGINE=InnoDB DEFAULT CHARSET=utf8 COLLATE=utf8_unicode_ci;

--
-- Дамп данных таблицы `egoist_ocenyli_users`
--

INSERT INTO `egoist_ocenyli_users` (`id`, `id_tovar`, `id_user`, `user_ocenka`) VALUES
(4, 2, 1, 4),
(6, 3, 1, 4),
(8, 2, 3, 5),
(9, 1, 1, 5),
(10, 1, 1, 5),
(11, 3, 8, 4),
(12, 2, 8, 1),
(13, 3, 10, 4),
(14, 17, 8, 3),
(15, 20, 1, 3),
(16, 22, 1, 4),
(17, 37, 12, 3),
(18, 41, 12, 3),
(19, 27, 11, 2),
(20, 24, 11, 1),
(21, 79, 11, 1),
(22, 75, 11, 1),
(23, 60, 11, 1),
(24, 78, 8, 1),
(25, 75, 8, 1);

-- --------------------------------------------------------

--
-- Структура таблицы `egoist_socials`
--

CREATE TABLE `egoist_socials` (
  `id` int(11) NOT NULL,
  `img` varchar(255) CHARACTER SET utf8 NOT NULL,
  `url` varchar(255) CHARACTER SET utf8 NOT NULL
) ENGINE=InnoDB DEFAULT CHARSET=utf8 COLLATE=utf8_unicode_ci;

--
-- Дамп данных таблицы `egoist_socials`
--

INSERT INTO `egoist_socials` (`id`, `img`, `url`) VALUES
(1, '/imgs/facebook.png', 'https://www.facebook.com/?%2F'),
(2, '/imgs/insta.png', 'https://www.instagram.com/'),
(3, '/imgs/whatsapp.png', 'https://www.whatsapp.com/'),
(9, '/imgs/file_6196a8f764bb19.40371425.png', 'https://github.com/saginariman');

-- --------------------------------------------------------

--
-- Структура таблицы `egoist_tovars`
--

CREATE TABLE `egoist_tovars` (
  `id` int(11) NOT NULL,
  `cat_id` int(11) NOT NULL,
  `name` varchar(255) CHARACTER SET utf8 NOT NULL,
  `cena` int(11) NOT NULL,
  `img` varchar(255) CHARACTER SET utf8 NOT NULL,
  `amountPeople` int(11) NOT NULL DEFAULT '0',
  `summGolos` int(11) NOT NULL DEFAULT '0',
  `descr` varchar(255) CHARACTER SET utf8 NOT NULL,
  `turnOn` tinyint(1) NOT NULL DEFAULT '1'
) ENGINE=InnoDB DEFAULT CHARSET=utf8 COLLATE=utf8_unicode_ci;

--
-- Дамп данных таблицы `egoist_tovars`
--

INSERT INTO `egoist_tovars` (`id`, `cat_id`, `name`, `cena`, `img`, `amountPeople`, `summGolos`, `descr`, `turnOn`) VALUES
(2, 1, 'Kimbo Aroma Gold Arabica, зерно, 1000 гр', 11600, '/imgs/file_6196a4f5421804.77106845.jpg', 9, 39, 'Смесь превосходной арабики отличается нежным вкусом, мягкой кислинкой и тонким  ароматом.', 1),
(3, 1, 'illy Espresso, зерно, средняя обжарка, 250 гр.', 7100, '/imgs/file_6196a4cac7d4b8.92186754.jpg', 10, 42, 'Кофе в зёрнах illy 250 gr Medium Roast (Илли 250 гр Средняя обжарка) - Восхитительная смесь кофе ручной сборки из 9 сортов высокогорной элитной 100% Арабики, произрастающей на территории Бразилии, Коста-Рики, Эфиопии, Кении и Гватемалы, (основу составляет', 1),
(23, 10, 'Polezzno барлейграсс, порошок ростков ячменя, 100 гр', 1750, '/imgs/file_61969adb09ff38.96998466.jpg', 10, 40, 'Ростки ячменя – это зеленые побеги молодых растений. Семена проращиваются в течении нескольких дней и высаживаются в грунт. Когда зеленые побеги достигают высоты 15-20 см их срезают. В это время ростки содержат наибольшее количество живого хлорофилла, выс', 1),
(24, 10, 'Polezzno вакаме, 100 гр', 1850, '/imgs/file_61969b1293ad92.87529026.jpg', 11, 37, 'Секрет японских долгожителей - регулярное употребление в пищу водорослей. Хрустящая, сладковато-соленая вакаме стала популярна не только в Японии, но и во всем мире.  Чем полезно:  Идеальный диетический продукт! Всего 45 ккал и богатый минеральный состав!', 1),
(25, 10, 'Polezzno витграсс, порошок ростков пшеницы, 100 гр', 1750, '/imgs/file_61969b4d082d35.17754444.jpg', 10, 46, 'Витграсс – это уникальный суперфуд, изготовленный из молодых ростков пшеницы, прошедших щадящую сушку и смолотых в порошок. Молотые ростки пшеницы имеют приятный сладковатый вкус и насыщенный аромат свежей травы. Витграсс является незаменимым источником к', 1),
(26, 10, 'Polezzno микс для смузи, 150 гр', 5250, '/imgs/file_61969b8de10223.51359481.jpg', 10, 45, 'Густые вкусные и полезные напитки из ягод и овощей, смузи, станут еще полезнее, если вы добавите в них столовую ложку смеси для смузи POLEZZNO.  Идеальная пропорция водорослей и проростков зарядит энергией и обогатит завтрак натуральными легкоусваиваемыми', 1),
(27, 10, 'Polezzno Семена чиа в саше, 125 гр', 1450, '/imgs/file_61969bdfbd1004.59398594.jpg', 11, 51, 'Чем polezzno:  20% незаменимых омега 3 жирных кислот.  Они участвуют в большинстве химических процессов в организме. Очень важно, чтобы омега-3 кислот в организм поступало больше, чем омега-6 и 9. Кальция и фосфора больше, чем в молоке. Это важнейшие элем', 1),
(28, 10, 'Polezzno Detox Mix, 200 гр', 2500, '/imgs/file_61969c12b20831.99530085.jpg', 11, 47, 'Представляем вам незаменимый продукт, который сэкономит место на вашей кухонной полке. Ведь в нем собраны самые лучшие ингредиенты для хорошего пищеварения, помощи в создании здоровой микрофлоры кишечника и очищения организма. Ваша красота и здоровье - в ', 1),
(29, 10, 'Polezzno Суп грибной с полбой, 250 гр', 1000, '/imgs/file_61969c6f108632.61864356.jpg', 10, 36, 'Грибной суп - самый любимый у многих. Теперь его сможет приготовить даже ребенок! Полба делает блюдо сытным, а букет приправ придает волшебный аромат. Такой суп обязательно понравится всей семье. Содержимое одной коробочки рассчитано примерно на 3-4 литра', 1),
(30, 10, 'Dr.Korner хлебцы кукурузно-рисовые киноа, лен, розмарин, 100 гр', 550, '/imgs/file_61969c8da6aff5.01656219.jpg', 11, 42, 'Dr. Körner выпустил новинку с суперфудами — тонкие хрустящие цельнозерновые хлебцы на кукурузно-рисовой основе с киноа, льном и розмарином.  Киноа входит в рейтинг самых полезных продуктов в мире! Эта крупа — ценный источник растительного белка, в состав ', 1),
(31, 10, 'Dr.Korner хлебцы Злаковый коктейль сырный, 100 гр', 500, '/imgs/file_61969cb1e480f2.91959405.jpg', 10, 48, 'Специализированный пищевой продукт диетического (профилактического) питания - предназначен для непосредственного употребления в пищу в качестве дополнительного источника пищевых волокон для детей старше 3 лет и взрослых.', 1),
(32, 10, 'Pikki батончик ореховый, абрикос, 35 гр', 200, '/imgs/file_61969cd3aa6042.78133534.jpg', 10, 45, 'Натуральные ингредиенты, классическая плоская упаковка, которую удобно взять с собой, приятный хруст. Орехи и сухофрукты превратились в нежнейшую массу с большим содержанием белка и питательных веществ.  Где бы вы ни были: на рабочем месте, в машине, в сп', 1),
(33, 9, 'Donat Mg лечебная минеральная вода, 1л', 2000, '/imgs/file_61969d14152ec9.72892351.jpg', 11, 36, 'Минеральная вода Donat Mg добывается в Словении. Эта вода из источника в Рогашке известна более 100 лет и получила большое признание в странах Запада и в России. Это уникальная и единственная в мире по содержанию магния (Мg++ более 1000 мг/л) вода.Общая е', 1),
(34, 9, 'Prolom лечебная минеральная вода, 1,5л', 1600, '/imgs/file_61969d3ce424a1.05596233.jpg', 10, 50, 'Термальная вода вулканического происхождения. Благодаря низкому содержанию солей, способствует выделению лишней жидкости из организма.  Высокощелочная Пролом-вода оказывает оздоравливающее действие на весь организм, а также борется со свободными радикалам', 1),
(35, 9, 'Rudolfuv Pramen лечебная минеральная вода, 1,5л', 2050, '/imgs/file_61969d5cb2df14.77245674.jpg', 10, 47, 'Главная вода всемирного курорта Марианске Лазне (Мариенбад) с высоким содержанием легко усвояемого двухвалентного железа, магния и кальция. Ускоряет восстановление после хирургических операций, улучшает обмен веществ, повышает уровень гемоглобина, нормали', 1),
(36, 9, 'Head энергетический напиток Exotic, 500 мл', 1050, '/imgs/file_61969d8f60cc18.42449298.jpg', 10, 36, 'Энергетические напитки HEAD содержат эффективные вещества (кофеин и таурин), которые стимулируют центральную нервную систему.  Они также включают в себя незаменимые минералы группы «В», которые предотвращают мышечную усталость, улучшают концентрацию внима', 1),
(37, 9, 'Head энергетический напиток Original Blue, 500 мл', 1050, '/imgs/file_61969dc3012843.57463830.jpg', 10, 39, 'Энергетические напитки HEAD содержат эффективные вещества (кофеин и таурин), которые стимулируют центральную нервную систему.  Они также включают в себя незаменимые минералы группы «В», которые предотвращают мышечную усталость, улучшают концентрацию внима', 1),
(38, 9, 'Casa Rinaldi сок лайма, 200 мл', 550, '/imgs/file_61969de5267c92.08596144.jpg', 10, 50, 'Сок лайма Casa Rinaldi служит превосходнейшей заправкой для множества блюд. Его можно добавлять к мясным и рыбным блюдам, разнообразным салатам и даже множеству десертов, после чего их вкус значительно улучшится, став намного изыскание и ярче.  Лаймовый с', 1),
(39, 9, 'San Pellegrino сокосодержащий напиток Aranciata 0,33 л, 24 шт', 12200, '/imgs/file_61969e223e21a8.57736241.jpg', 10, 44, 'Цвет  Напиток желто-золотистого цвета.  Вкус  Вкус напитка освежающий, насыщенный, с характерными кисло-сладкими нотами южного апельсина.  Аромат  Напиток обладает свежим ароматом с яркой апельсиновой нотой. Гастрономические сочетания Напиток идеально уто', 1),
(40, 9, 'San Pellegrino сокосодержащий напиток Aranciata Rossa 0,33 л, 24 шт', 12200, '/imgs/file_61969e3f14a274.75753815.jpg', 9, 30, '\"S. Pellegrino\" Aranciata Rossa — сокосодержащий газированный напиток, созданный для тех, кто хочет насладиться вкусом классических сицилийских апельсинов в сочетании с большим количеством пузырьков. Напиток производится исключительно из настоящих итальян', 1),
(41, 9, 'San Pellegrino сокосодержащий напиток Clementina 0,33 л, 24 шт', 12200, '/imgs/file_61969e5ebb8f98.21827211.jpg', 12, 37, 'Напиток обладает свежим ароматом с яркой мандариновой нотой. Гастрономические сочетания Напиток идеально утоляет жажду и освежает в жаркие летние дни, подходит как к повседневной трапезе, так и для праздничного стола.', 1),
(42, 8, 'Polezzno смесь пряностей для кофе, 100 гр', 1000, '/imgs/file_61969edd873087.88099502.jpg', 10, 45, 'Для тех, кто любит пряности и кофе – нет лучшего союза! Два мира ароматов встречаются и дополняют друг друга, создавая волшебную гармонию. Попробуйте добавить смесь пряностей для кофе во время приготовления напитка, и любой кофе станет для вас новым откры', 1),
(43, 8, 'Santa Maria Итальянская приправа, 10 гр', 300, '/imgs/file_61969efe2d1437.63634479.jpg', 9, 44, 'Легкий ароматный вкус паприки, помидоров и чеснока. Используйте итальянскую приправу для блюд из макарон и овощей, салатных заправок и маринада для мяса, приправа подходит и для рыбных блюд.', 1),
(44, 8, 'Santa Maria Корица молотая 17 гр.', 400, '/imgs/file_61969f179ea848.33224489.jpg', 10, 48, 'Молотая корица. Производят из коры коричневого дерева. Сначала кору зачищают и сушат, а затем перемалывают.  Обладает мягким теплым ароматом, слегка жгучим и сладковатым вкусом. Сочетается с мускатным орехом, яблоком, абрикосом, шоколадом, кофе, персиком,', 1),
(45, 8, 'AltaRoma сахар порционный, белый, 5 гр, 2000 шт', 12050, '/imgs/file_61969f5f214108.72947271.jpg', 11, 29, 'Сахар порционный 5 гр.  Удобная упаковка позволяет избаваться от сахарниц и дозаторов.', 1),
(46, 8, 'FitParad сахарозаменитель №14, дой-пак, 150 гр', 2600, '/imgs/file_61969f7821c6e6.28154878.jpg', 11, 33, '0,5 г столового подсластителя \"ФитПарад\" №14 заменяет 5 г. сахара; Рекомендуемая дозировка не более 45 г. в сутки. Сахарозаменитель на основе стевии.  Совершенно новый, высококачественный продукт из натуральных компонентов (стевиозид и эритритол), заменит', 1),
(47, 8, 'Coffeemag Арахис, картонная коробка, 400 гр', 800, '/imgs/file_61969f919ba936.90339640.jpg', 9, 37, 'Арахис улучшает работу памяти, благотворно влияет на состояние стенок сосудов, является профилактическим средством от возникновения сердечных заболеваний.  Арахисовое масло, получаемое из свежих ядер арахиса, является ценным питательным продуктом, также е', 1),
(48, 8, 'Coffeemag Грецкий орех, картонная коробка, 250 гр', 1000, '/imgs/file_61969faf173111.42526836.jpg', 7, 27, 'Грецкий орех — лакомство, знакомое с самых давних времен.  Он завоевывает все больше поклонников по всему миру, используется почти во всех кухнях. По совокупности полезных свойств нам трудно найти равных грецкому ореху в растительном мире.', 1),
(49, 7, 'Polezzno Сухое кокосовое молоко в саше, 75 гр', 2500, '/imgs/file_6196a01b8d0121.00159916.jpg', 8, 33, 'Чем polezzno:  • Кокосовое молоко, так же как и мякоть кокоса, богато железом, магнием, калием, кальцием, фосфором, медью и селеном. А так же содержит витамины группы B, А, С, РР, К и Е. • 24 из 28 основных аминокислот • Кокосовое молоко, как и все кокосо', 1),
(50, 7, 'Aroy-D кокосовое молоко, 1л', 2150, '/imgs/file_6196a03697ed45.62323018.jpg', 11, 26, 'Кокосовое молоко Aroy-D 60%, без сахара – это только кокосовый орех и вода, необходимая для доведения мякоти кокоса до жидкой консистенции, ничего лишнего.  Именно в кокосовой мякоти содержатся все витамины, минералы и аминокислоты, за которые орех так це', 1),
(51, 7, 'Aroy-D кокосовое молоко, 250 мл', 700, '/imgs/file_6196a0551ba386.27077651.jpg', 10, 49, 'Кокосовое молоко Aroy-D 60%, без сахара – это только кокосовый орех и вода, необходимая для доведения мякоти кокоса до жидкой консистенции, ничего лишнего.  Именно в кокосовой мякоти содержатся все витамины, минералы и аминокислоты, за которые орех так це', 1),
(52, 7, 'Aroy-D кокосовые сливки, 560 мл', 1650, '/imgs/file_6196a06acf2bf5.15789611.jpg', 10, 40, 'Кокосовые сливки (паста) AROY-D, 560мл Обычно кокосовое молоко Aroy-D используется для приготовления десертов и концентрированных соусов. Также используется для супов и прочей кулинарии.  Отлично сочетается с блюдами из мяса и рыбы. Кокосовые сливки (паст', 1),
(53, 7, 'Frima сливки сухие, 500 гр', 1200, '/imgs/file_6196a083526f98.99761804.jpg', 9, 41, 'Сухие сливки быстрого приготовления Фрима для чая и кофе, растворяются в горячей воде и имеют отчетливый вкус настоящей сливочной консистенции. Порошковые сливки имеют характерный кремовый цвет, а вакуумная упаковка с защитным слоем расположенным внутри п', 1),
(54, 7, 'Kati, кокосовые сливки, 150 мл', 500, '/imgs/file_6196a09aba7ee0.66423233.jpg', 10, 40, 'Кокосовые сливки отличаются от кокосового молока по консистенции, они похожи по вкусу, но имеют намного более густую консистенцию.  Они обладают приятным сладким вкусом, похожим на молоко с сахаром и используются как компонент для приготовления различных ', 1),
(55, 7, 'ShopRite тертый сыр Grated Parmesan 227 гр.', 3100, '/imgs/file_6196a0b30754a7.89088608.jpg', 8, 30, 'Эти сыры великолепно выступают как приправа ко многим блюдам, придавая незабываемые ноты  и завершенность любым гастрономическим фантазиям! Пармезан тертый  и смешанный тертый пармезан и романо Shop Rite – это изумительная добавка к любым блюдам - пицца, ', 1),
(56, 6, 'Chokocat мармелад, военный, 100 гр.', 900, '/imgs/file_6196a11273f8f7.31825278.jpg', 10, 32, 'Брутальная обложка отлично сочетается с нежным наполнением - вкусным ягодным мармеладом.', 1),
(57, 6, 'Chokocat мармелад, врач, 100 гр.', 900, '/imgs/file_6196a12baa8613.97275235.jpg', 10, 32, 'Вкусная благодарность за самую главную и нужную профессию, спасающую жизни.', 1),
(58, 6, 'Bucheron шоколад белый с кусочками малины, 100 гр', 1250, '/imgs/file_6196a14554bf30.18342120.jpg', 11, 47, 'Шоколад обладает естественным насыщенным вкусом и восхитительным ароматом.  Масло какао-бобов с Берега Слоновой Кости придает белому шоколаду мягкий сливочно-фруктовый оттенок, а душистая малина открывает палитру цветочных оттенков, переходящих из аромата', 1),
(59, 6, 'Bucheron шоколад горький c фисташками, 100 гр', 1750, '/imgs/file_6196a15e732ec8.97203624.jpg', 10, 38, 'Для этого шоколада были отобраны гватемальские какао-бобы Trinitario.  Яркий смолистый оттенок жареных зеленых фисташек идеально сочетается с горечью темного шоколада.', 1),
(60, 5, 'McIlhenny соус Tabasco Баффало, 148 мл', 2850, '/imgs/file_6196a1ae3137e8.29603283.jpg', 11, 44, 'Соус Баффало пряный, перечный, очень ароматный соус, в стиле Баффало, один из самых известных и популярных острых соусов в мире! Этот соус добавляет нужное количество остроты вашим крылышкам Баффало!', 1),
(61, 5, 'McIlhenny соус Tabasco зеленый перечный, 60 мл', 1300, '/imgs/file_6196a1c82dec81.42624475.jpg', 10, 48, 'Зеленый перечный соус Tabasco особенно порадует любителей мексиканской кухни. Густой соус изумрудного цвета, приготовленный из отборных спелых перцев халапеньо (jalapeno), обладает ярко выраженным перечным вкусом, но он более мягкий по сравнению с красным', 1),
(62, 5, 'McIlhenny соус Tabasco красный перечный, 60 мл', 1300, '/imgs/file_6196a1e24be122.99905073.jpg', 11, 31, 'Соус McIlhenny Tabasco Pepper Sauce красный перечный 60 мл - самый известный жгучий соус в мире! Он производится по оригинальной рецептуре 1868 года из зрелых красных перцев сорта Табаско, луизианской соли и дистиллированного уксуса наивысшего качества пу', 1),
(63, 5, 'Casa Rinaldi сок лайма, 200 мл', 550, '/imgs/file_6196a1fbbe0ba0.07407594.jpg', 10, 36, 'Сок лайма Casa Rinaldi служит превосходнейшей заправкой для множества блюд. Его можно добавлять к мясным и рыбным блюдам, разнообразным салатам и даже множеству десертов, после чего их вкус значительно улучшится, став намного изыскание и ярче.  Лаймовый с', 1),
(64, 5, 'Develey соус майонезный Vegan majo, 390 мл', 1550, '/imgs/file_6196a2219184a2.54976495.jpg', 10, 49, 'Уникальный состав ингредиентов тщательно отобран ради достижения максимума вкуса и сохранения здоровья.  Майонез Develey густой, сливочный с полным, насыщенный и с идеальной консистенцией. Не содержит глютена, красителей, усилителей вкуса, консервантов. И', 1),
(65, 5, 'Roland дижонская горчица с цельными семенами, 281 гр', 2550, '/imgs/file_6196a24d22b9b2.65117493.jpg', 10, 47, 'Дижонская горчица с семенами менее острая и обладает деликатным вкусом с кисло – сладкими нотками. Идеально дополнит сардельки, сосиски, мясные и рыбные блюда.', 1),
(66, 4, 'Coombs сироп кленовый, 354 мл', 6400, '/imgs/file_6196a2bdb30b45.54716301.jpg', 10, 37, 'Кленовый сироп - это сгущенный сироп клена особого сорта.  Данный продукт производится в течение семи поколений. Coombs Family Farms предлагают вам отличный вкус. 100% чистый и органический, заготовленный экологически чистым путем кленовый сироп.  Несмотр', 1),
(67, 4, 'Monin сироп Гренадин, 1л', 2700, '/imgs/file_6196a2fb9b3920.90252841.gif', 10, 37, 'Гранатовый сироп на основе натурального гранатового сока. Гренадин просто находка для любителей коктейлей. Гренадин является крайне важной составляющей коктейля Текила Санрайз - Tequila Sunrise (Текила восходящее солнце). Пара капель сиропа Монин Гренадин', 1),
(68, 4, 'Barline дозатор для пластиковой бутылки, 10 мл', 2150, '/imgs/file_6196a3154fb605.84493765.jpg', 11, 34, 'Дозатор для сиропов Barline 10 мл является незаменимым атрибутом любого кулинара или бармена, поскольку позволяет вылить сироп в нужном объеме. Это очень удобно при приготовлении или украшении блюд, а также создании слоистых коктейлей, когда по рецепту тр', 1),
(69, 3, 'Ristora Premium, горячий шоколад, 1000 гр', 3100, '/imgs/file_6196a35b7d7ea6.95080178.jpg', 11, 40, 'Горячий шоколад Ristora Premium — это простой и быстрый способ приготовить роскошный десерт. Этот напиток производится итальянской компанией Pronto Food, которая существует уже более сорока лет. Шоколад Ристора занимает особое место в линейке продукции да', 1),
(70, 3, 'Torras горячий шоколад без сахара, 180 гр', 1550, '/imgs/file_6196a373a65249.10250233.jpg', 10, 48, 'Испанский горячий шоколад Torras - готовая смесь для быстрого приготовления горячего шоколада на основе натурального какао-порошка.  Производится исключительно из натуральных ингредиентов. Невероятно вкусный, густой и ароматный, с мягким сливочным вкусом.', 1),
(71, 3, 'Valor жидкий горячий шоколад, 1л', 4550, '/imgs/file_6196a38eef1347.87975967.jpg', 10, 43, 'Жидкий шоколад Valor - напиток от известного испанского производителя \"Chocolates Valor\". Этот готовый к употреблению продукт, может подаваться как в холодном так и в разогретом в микроволновке, или на небольшом огне виде.  Также подходит для приготовлени', 1),
(72, 3, 'Маша и Медведь какао напиток со вкусом лесного ореха, 350 гр', 1850, '/imgs/file_6196a3a94c6907.34474319.jpg', 6, 26, 'Растворимый какао-напиток \"Маша и Медведь\" со вкусом \"Орех\" не просто вкусный, но еще и полезный! С заботой о детях мы добавили комплекс минералов и витаминов: витамины В1, В6 и РР, цинк, железо и йод.  Легкий в приготовлении он понравится взрослым и детя', 1),
(73, 2, 'Milford черный чай Ассам, 200 пакетиков', 2850, '/imgs/file_6196a3e5484345.67161986.jpg', 8, 40, 'Яркий, насыщенный, терпкий вкус чая Milford Ассам по достоинству оценят любители классики черных чаев. Жаркое индийское лето, сильные и свежие ветра Ассама - о них напомнит этот удивительный напиток. Заварите чашечку Milford Ассам и ощутите вкус настоящег', 1),
(74, 2, 'Hyleys чай черный с Новым Годом, 75 гр', 1750, '/imgs/file_6196a40c5380e8.03280784.jpg', 10, 43, 'Hyleys чай черный с Новым Годом, - это качественный купаж крупнолистового черного чая, собранного с солнечных плантаций Индии.  Вкус напитка согревает своей крепостью и оставляет долгое чуть сладковатое послевкусие. Аромат отличается глубиной и изысканнос', 1),
(75, 2, 'Abigail чай черный Снеговик, 85 гр', 850, '/imgs/file_6196a446315f83.38063885.jpg', 12, 52, 'mvgsm vna lkvnlk vnalvknlvn vvnen ve vnblvnlekvr vnvevn blvbkvb lvbnvlnbvn bvlkn vvnjv', 1),
(76, 1, 'Lavazza Crema and Aroma, зерно, 1000 гр.', 8750, '/imgs/file_6196a516d32573.32688137.jpg', 10, 43, 'Хотите попробовать напиток, который пьют большинство итальянцев? – тогда стоит купить кофе Lavazza Crema e Aroma, который обладает послевкусием из букета ценных пород дерева, шоколада, марочного вина.  В состав напитка входит зерно арабика и робуста в соо', 1),
(77, 1, 'Carraro Don Carlos, зерно, 1000 гр', 5700, '/imgs/file_6196a5336246a6.22138751.jpg', 10, 47, 'Настоящий традиционный крепкий итальянский кофе, насыщенная консистенция и аромат которого является результатом создания смеси из лучших зёрен Арабики и Робусты из разных стран.', 1),
(78, 1, 'Paulig Cafe Havana, молотый, 200 гр.', 1500, '/imgs/file_6196a549a12ca0.40307856.jpg', 11, 42, 'Paulig Cafe Havana - это насыщенный бленд темной обжарки в кубинском стиле. Он состоит из тщательно отобранных кофейных зерен арабики из Латинской Америки и пряной Азиатской робусты. Кофе натуральный жареный молотый.', 1),
(79, 1, 'Davidoff Café Grande Cuvée Rich Aroma, молотый, 250 гр', 2050, '/imgs/file_6196a5630decc4.15066052.jpg', 11, 48, 'Davidoff Café Rich Aroma создано из зерен Южноамериканского происхождения. Его богатый аромат и пряные нотки делают этот кофе изысканным выбором для всех тех, кто предпочитает интенсивный вкус и яркий аромат.', 1);

-- --------------------------------------------------------

--
-- Структура таблицы `egoist_users`
--

CREATE TABLE `egoist_users` (
  `id` int(11) NOT NULL,
  `login` varchar(255) CHARACTER SET utf8 NOT NULL,
  `pass` varchar(255) CHARACTER SET utf8 NOT NULL,
  `admission` tinyint(1) NOT NULL DEFAULT '1',
  `admin` tinyint(1) NOT NULL DEFAULT '0'
) ENGINE=InnoDB DEFAULT CHARSET=utf8 COLLATE=utf8_unicode_ci;

--
-- Дамп данных таблицы `egoist_users`
--

INSERT INTO `egoist_users` (`id`, `login`, `pass`, `admission`, `admin`) VALUES
(1, 'koke', 'e10adc3949ba59abbe56e057f20f883e', 1, 1),
(2, 'maek', '202cb962ac59075b964b07152d234b70', 1, 0),
(3, 'marat', 'c20ad4d76fe97759aa27a0c99bff6710', 1, 0),
(4, 'doman', '39c0b36f38aed3bd87307bb554c74d74', 0, 0),
(5, 'kaman', '09764440f6c418cd6421d1cf7d8105dc', 0, 0),
(6, 'aman', 'ff1ccf57e98c817df1efcd9fe44a8aeb', 1, 0),
(7, 'rusik', '822050d9ae3c47f54bee71b85fce1487', 1, 0),
(8, 'er', '818f9c45cfa30eeff277ef38bcbe9910', 1, 0),
(9, 'meka', '006d2143154327a64d86a264aea225f3', 0, 0),
(10, 'gena', 'e10adc3949ba59abbe56e057f20f883e', 1, 0),
(11, 'admin', '21232f297a57a5a743894a0e4a801fc3', 1, 1),
(12, 'test123', '202cb962ac59075b964b07152d234b70', 1, 0);

--
-- Индексы сохранённых таблиц
--

--
-- Индексы таблицы `egoist_cats`
--
ALTER TABLE `egoist_cats`
  ADD PRIMARY KEY (`id`);

--
-- Индексы таблицы `egoist_ocenyli_users`
--
ALTER TABLE `egoist_ocenyli_users`
  ADD PRIMARY KEY (`id`);

--
-- Индексы таблицы `egoist_socials`
--
ALTER TABLE `egoist_socials`
  ADD PRIMARY KEY (`id`);

--
-- Индексы таблицы `egoist_tovars`
--
ALTER TABLE `egoist_tovars`
  ADD PRIMARY KEY (`id`);

--
-- Индексы таблицы `egoist_users`
--
ALTER TABLE `egoist_users`
  ADD PRIMARY KEY (`id`);

--
-- AUTO_INCREMENT для сохранённых таблиц
--

--
-- AUTO_INCREMENT для таблицы `egoist_cats`
--
ALTER TABLE `egoist_cats`
  MODIFY `id` int(11) NOT NULL AUTO_INCREMENT, AUTO_INCREMENT=11;

--
-- AUTO_INCREMENT для таблицы `egoist_ocenyli_users`
--
ALTER TABLE `egoist_ocenyli_users`
  MODIFY `id` int(11) NOT NULL AUTO_INCREMENT, AUTO_INCREMENT=26;

--
-- AUTO_INCREMENT для таблицы `egoist_socials`
--
ALTER TABLE `egoist_socials`
  MODIFY `id` int(11) NOT NULL AUTO_INCREMENT, AUTO_INCREMENT=10;

--
-- AUTO_INCREMENT для таблицы `egoist_tovars`
--
ALTER TABLE `egoist_tovars`
  MODIFY `id` int(11) NOT NULL AUTO_INCREMENT, AUTO_INCREMENT=80;

--
-- AUTO_INCREMENT для таблицы `egoist_users`
--
ALTER TABLE `egoist_users`
  MODIFY `id` int(11) NOT NULL AUTO_INCREMENT, AUTO_INCREMENT=13;
COMMIT;

/*!40101 SET CHARACTER_SET_CLIENT=@OLD_CHARACTER_SET_CLIENT */;
/*!40101 SET CHARACTER_SET_RESULTS=@OLD_CHARACTER_SET_RESULTS */;
/*!40101 SET COLLATION_CONNECTION=@OLD_COLLATION_CONNECTION */;
